Name,Hex (24 bit),Red (8 bit),Green (8 bit),Blue (8 bit),Hue (degrees),HSL.S (%),"HSL.L (%), HSV.S (%), HSV.V (%)"
Absolute zero,#0048BA,0,72,186,217,100,37
Acid green,#B0BF1A,176,191,26,65,76,43
Aero,#7CB9E8,124,185,232,206,70,70
Aero blue,#C9FFE5,201,255,229,151,100,89
African violet,#B284BE,178,132,190,288,31,63
Air Force blue (RAF),#5D8AA8,93,138,168,204,30,51
Air Force blue (USAF),#00308F,0,48,143,220,100,28
Air superiority blue,#72A0C1,114,160,193,205,39,60
Alabama crimson,#AF002A,175,0,42,346,100,34
Alabaster,#F2F0E6,242,240,230,346,32,93
Alice blue,#F0F8FF,240,248,255,208,100,97
Alien Armpit,#84DE02,132,222,2,85,98,44
Alizarin crimson,#E32636,227,38,54,355,77,52
Alloy orange,#C46210,196,98,16,27,85,42
Almond,#EFDECD,239,222,205,30,52,87
Amaranth,#E52B50,229,43,80,348,78,53
Amaranth deep purple,#9F2B68,159,43,104,328,57,40
Amaranth pink,#F19CBB,241,156,187,338,75,78
Amaranth purple,#AB274F,171,39,79,342,63,41
Amaranth red,#D3212D,211,33,45,356,73,48
Amazon,#3B7A57,59,122,87,147,35,35
Amazonite,#00C4B0,0,196,176,356,100,38
Amber,#FFBF00,255,191,0,45,100,50
Amber (SAE/ECE),#FF7E00,255,126,0,30,100,50
American rose,#FF033E,255,3,62,346,100,51
Amethyst,#9966CC,153,102,204,270,50,60
Android green,#A4C639,164,198,57,74,55,50
Anti-flash white,#F2F3F4,242,243,244,210,8,95
Antique brass,#CD9575,205,149,117,22,47,63
Antique bronze,#665D1E,102,93,30,53,55,26
Antique fuchsia,#915C83,145,92,131,316,22,46
Antique ruby,#841B2D,132,27,45,350,66,31
Antique white,#FAEBD7,250,235,215,34,78,91
Ao (English),#008000,0,128,0,120,100,25
Apple green,#8DB600,141,182,0,74,100,36
Apricot,#FBCEB1,251,206,177,24,90,84
Aqua,#00FFFF,0,255,255,180,100,50
Aquamarine,#7FFFD4,127,255,212,160,100,75
Arctic lime,#D0FF14,208,255,20,72,100,54
Army green,#4B5320,75,83,32,69,44,23
Arsenic,#3B444B,59,68,75,206,12,26
Artichoke,#8F9779,143,151,121,76,13,53
Arylide yellow,#E9D66B,233,214,107,51,74,67
Ash grey,#B2BEB5,178,190,181,135,8,72
Asparagus,#87A96B,135,169,107,93,26,54
Atomic tangerine,#FF9966,255,153,102,20,100,70
Auburn,#A52A2A,165,42,42,0,59,41
Aureolin,#FDEE00,253,238,0,56,100,50
AuroMetalSaurus,#6E7F80,110,127,128,183,8,47
Avocado,#568203,86,130,3,81,95,26
Awesome,#FF2052,255,32,82,81,95,56
Aztec Gold,#C39953,195,153,83,38,48,55
Azure,#007FFF,0,127,255,210,100,50
Azure (web color),#F0FFFF,240,255,255,180,100,97
Azure mist,#F0FFFF,240,255,255,180,100,97
Azureish white,#DBE9F4,219,233,244,206,53,91
Baby blue,#89CFF0,137,207,240,199,77,74
Baby blue eyes,#A1CAF1,161,202,241,209,74,79
Baby pink,#F4C2C2,244,194,194,0,69,86
Baby powder,#FEFEFA,254,254,250,60,67,99
Baker-Miller pink,#FF91AF,255,145,175,344,100,78
Ball blue,#21ABCD,33,171,205,192,72,47
Banana Mania,#FAE7B5,250,231,181,43,87,85
Banana yellow,#FFE135,255,225,53,51,100,60
Bangladesh green,#006A4E,0,106,78,164,100,21
Barbie pink,#E0218A,224,33,138,327,75,50
Barn red,#7C0A02,124,10,2,4,97,25
Battery Charged Blue,#1DACD6,29,172,214,194,76,48
Battleship grey,#848482,132,132,130,60,1,51
Bazaar,#98777B,152,119,123,353,14,53
Beau blue,#BCD4E6,188,212,230,206,46,82
Beaver,#9F8170,159,129,112,22,20,53
Begonia,#FA6E79,250,110,121,355,93,71
Beige,#F5F5DC,245,245,220,60,56,91
B'dazzled blue,#2E5894,46,88,148,215,53,38
Big dip o’ruby,#9C2542,156,37,66,345,62,38
Big Foot Feet,#E88E5A,232,142,90,22,76,63
Bisque,#FFE4C4,255,228,196,33,100,88
Bistre,#3D2B1F,61,43,31,24,33,18
Bistre brown,#967117,150,113,23,43,73,34
Bitter lemon,#CAE00D,202,224,13,66,89,46
Bitter lime,#BFFF00,191,255,0,75,100,50
Bittersweet,#FE6F5E,254,111,94,6,99,68
Bittersweet shimmer,#BF4F51,191,79,81,359,47,53
Black,#000000,0,0,0,0,0,0
Black bean,#3D0C02,61,12,2,10,94,12
Black Coral,#54626F,84,98,111,209,14,38
Black leather jacket,#253529,37,53,41,135,18,18
Black olive,#3B3C36,59,60,54,70,5,22
Black Shadows,#BFAFB2,191,175,178,349,11,72
Blanched almond,#FFEBCD,255,235,205,36,100,90
Blast-off bronze,#A57164,165,113,100,12,27,52
Bleu de France,#318CE7,49,140,231,210,79,55
Blizzard Blue,#ACE5EE,172,229,238,188,66,80
Blond,#FAF0BE,250,240,190,50,86,86
Blue,#0000FF,0,0,255,240,100,50
Blue (Crayola),#1F75FE,31,117,254,217,99,56
Blue (Munsell),#0093AF,0,147,175,190,100,34
Blue (NCS),#0087BD,0,135,189,197,100,37
Blue (Pantone),#0018A8,0,24,168,231,100,33
Blue (pigment),#333399,51,51,153,240,50,40
Blue (RYB),#0247FE,2,71,254,224,99,50
Blue Bell,#A2A2D0,162,162,208,240,33,73
Blue Bolt,#00B9FB,0,185,251,196,100,49
Blue-gray,#6699CC,102,153,204,210,50,60
Blue-green,#0D98BA,13,152,186,192,87,39
Blue Jeans,#5DADEC,93,173,236,206,79,65
Blue Lagoon,#ACE5EE,172,229,238,188,66,80
Blue-magenta violet,#553592,85,53,146,261,47,39
Blue sapphire,#126180,18,97,128,197,75,29
Blue-violet,#8A2BE2,138,43,226,271,76,53
Blue yonder,#5072A7,80,114,167,217,35,48
Blueberry,#4F86F7,79,134,247,220,91,64
Bluebonnet,#1C1CF0,28,28,240,240,88,53
Blush,#DE5D83,222,93,131,342,66,62
Bole,#79443B,121,68,59,9,34,35
Bondi blue,#0095B6,0,149,182,191,100,36
Bone,#E3DAC9,227,218,201,39,32,84
Booger Buster,#DDE26A,221,226,106,63,67,65
Boston University Red,#CC0000,204,0,0,0,100,40
Bottle green,#006A4E,0,106,78,164,100,21
Boysenberry,#873260,135,50,96,328,46,36
Brandeis blue,#0070FF,0,112,255,214,100,50
Brass,#B5A642,181,166,66,52,47,48
Brick red,#CB4154,203,65,84,352,57,53
Bright cerulean,#1DACD6,29,172,214,194,76,48
Bright green,#66FF00,102,255,0,96,100,50
Bright lavender,#BF94E4,191,148,228,272,60,74
Bright lilac,#D891EF,216,145,239,285,75,75
Bright maroon,#C32148,195,33,72,346,71,45
Bright navy blue,#1974D2,25,116,210,210,79,46
Bright pink,#FF007F,255,0,127,330,100,50
Bright turquoise,#08E8DE,8,232,222,177,93,47
Bright ube,#D19FE8,209,159,232,281,61,77
Bright Yellow (Crayola),#FFAA1D,255,170,29,37,100,56
Brilliant azure,#3399FF,51,153,255,210,100,60
Brilliant lavender,#F4BBFF,244,187,255,290,100,87
Brilliant rose,#FF55A3,255,85,163,332,100,67
Brink pink,#FB607F,251,96,127,348,95,68
British racing green,#004225,0,66,37,154,100,13
Bronze,#CD7F32,205,127,50,30,61,50
Bronze Yellow,#737000,115,112,0,58,100,23
Brown (traditional),#964B00,150,75,0,30,100,29
Brown (web),#A52A2A,165,42,42,0,59,41
Brown-nose,#6B4423,107,68,35,28,51,28
Brown Sugar,#AF6E4D,175,110,77,20,39,49
Brown Yellow,#cc9966,204,153,102,30,50,60
Brunswick green,#1B4D3E,27,77,62,162,48,20
Bubble gum,#FFC1CC,255,193,204,349,100,88
Bubbles,#E7FEFF,231,254,255,183,100,95
Bud green,#7BB661,123,182,97,102,37,55
Buff,#F0DC82,240,220,130,49,79,73
Bulgarian rose,#480607,72,6,7,359,85,15
Burgundy,#800020,128,0,32,345,100,25
Burlywood,#DEB887,222,184,135,34,57,70
Burnished Brown,#A17A74,161,122,116,8,19,54
Burnt orange,#CC5500,204,85,0,25,100,40
Burnt sienna,#E97451,233,116,81,14,78,62
Burnt umber,#8A3324,138,51,36,9,59,34
Byzantine,#BD33A4,189,51,164,311,58,47
Byzantium,#702963,112,41,99,311,46,30
Cadet,#536872,83,104,114,199,16,39
Cadet blue,#5F9EA0,95,158,160,182,25,50
Cadet grey,#91A3B0,145,163,176,205,16,63
Cadmium green,#006B3C,0,107,60,154,100,21
Cadmium orange,#ED872D,237,135,45,28,84,55
Cadmium red,#E30022,227,0,34,351,100,45
Cadmium yellow,#FFF600,255,246,0,58,100,50
Café au lait,#A67B5B,166,123,91,26,30,50
Café noir,#4B3621,75,54,33,30,39,21
Cal Poly Pomona green,#1E4D2B,30,77,43,137,44,21
Cambridge Blue,#A3C1AD,163,193,173,140,19,70
Camel,#C19A6B,193,154,107,33,41,59
Cameo pink,#EFBBCC,239,187,204,340,62,84
Camouflage green,#78866B,120,134,107,91,11,47
Canary,#FFFF99,255,255,153,60,100,80
Canary yellow,#FFEF00,255,239,0,56,100,50
Candy apple red,#FF0800,255,8,0,2,100,50
Candy pink,#E4717A,228,113,122,355,68,67
Capri,#00BFFF,0,191,255,195,100,50
Caput mortuum,#592720,89,39,32,7,47,24
Cardinal,#C41E3A,196,30,58,350,73,44
Caribbean green,#00CC99,0,204,153,165,100,40
Carmine,#960018,150,0,24,350,100,29
Carmine (M&P),#D70040,215,0,64,342,100,42
Carmine pink,#EB4C42,235,76,66,4,81,59
Carmine red,#FF0038,255,0,56,347,100,50
Carnation pink,#FFA6C9,255,166,201,336,100,83
Carnelian,#B31B1B,179,27,27,0,74,40
Carolina blue,#56A0D3,86,160,211,204,59,58
Carrot orange,#ED9121,237,145,33,33,85,53
Castleton green,#00563F,0,86,63,164,100,17
Catalina blue,#062A78,6,42,120,221,90,25
Catawba,#703642,112,54,66,348,35,33
Cedar Chest,#C95A49,201,90,73,8,54,54
Ceil,#92A1CF,146,161,207,225,39,69
Celadon,#ACE1AF,172,225,175,123,47,78
Celadon blue,#007BA7,0,123,167,196,100,33
Celadon green,#2F847C,47,132,124,174,47,35
Celeste,#B2FFFF,178,255,255,180,100,85
Celestial blue,#4997D0,73,151,208,205,59,55
Cerise,#DE3163,222,49,99,343,72,53
Cerise pink,#EC3B83,236,59,131,336,82,58
Cerulean,#007BA7,0,123,167,196,100,33
Cerulean blue,#2A52BE,42,82,190,224,64,45
Cerulean frost,#6D9BC3,109,155,195,208,42,60
CG Blue,#007AA5,0,122,165,196,100,32
CG Red,#E03C31,224,60,49,4,74,54
Chamoisee,#A0785A,160,120,90,26,28,49
Champagne,#F7E7CE,247,231,206,37,72,89
Champagne pink,#F1DDCF,241,221,207,25,55,88
Charcoal,#36454F,54,69,79,204,19,26
Charleston green,#232B2B,35,43,43,180,10,15
Charm pink,#E68FAC,230,143,172,340,64,73
Chartreuse (traditional),#DFFF00,223,255,0,68,100,50
Chartreuse (web),#7FFF00,127,255,0,90,100,50
Cherry,#DE3163,222,49,99,343,72,53
Cherry blossom pink,#FFB7C5,255,183,197,348,100,86
Chestnut,#954535,149,69,53,10,48,40
China pink,#DE6FA1,222,111,161,333,63,65
China rose,#A8516E,168,81,110,340,35,49
Chinese red,#AA381E,170,56,30,11,70,39
Chinese violet,#856088,133,96,136,296,17,45
Chlorophyll green,#4AFF00,74,255,0,103,100,50
Chocolate (traditional),#7B3F00,123,63,0,31,100,24
Chocolate (web),#D2691E,210,105,30,25,75,47
Chrome yellow,#FFA700,255,167,0,39,100,50
Cinereous,#98817B,152,129,123,12,12,54
Cinnabar,#E34234,227,66,52,5,76,55
Cinnamon[citation needed],#D2691E,210,105,30,25,75,47
Cinnamon Satin,#CD607E,205,96,126,343,52,59
Citrine,#E4D00A,228,208,10,54,92,47
Citron,#9FA91F,158,169,31,64,69,39
Claret,#7F1734,127,23,52,343,69,29
Classic rose,#FBCCE7,251,204,231,326,85,89
Cobalt Blue,#0047AB,0,71,171,215,100,34
Cocoa brown,#D2691E,210,105,30,25,75,47
Coconut,#965A3E,150,90,62,19,42,42
Coffee,#6F4E37,111,78,55,25,34,33
Columbia Blue,#C4D8E2,196,216,226,200,34,83
Congo pink,#F88379,248,131,121,5,90,72
Cool Black,#002E63,0,46,99,212,100,19
Cool grey,#8C92AC,140,146,172,229,16,61
Copper,#B87333,184,115,51,29,57,46
Copper (Crayola),#DA8A67,218,138,103,18,61,63
Copper penny,#AD6F69,173,111,105,5,29,55
Copper red,#CB6D51,203,109,81,14,54,56
Copper rose,#996666,153,102,102,0,20,50
Coquelicot,#FF3800,255,56,0,13,100,50
Coral,#FF7F50,255,127,80,16,100,66
Coral pink,#F88379,248,131,121,5,90,72
Coral red,#FF4040,255,64,64,0,100,63
Coral Reef,#FD7C6E,253,124,110,6,97,71
Cordovan,#893F45,137,63,69,355,37,39
Corn,#FBEC5D,251,236,93,54,95,67
Cornell Red,#B31B1B,179,27,27,0,74,40
Cornflower blue,#6495ED,100,149,237,219,79,66
Cornsilk,#FFF8DC,255,248,220,48,100,93
Cosmic Cobalt,#2E2D88,46,45,136,241,50,36
Cosmic latte,#FFF8E7,255,248,231,43,100,95
Coyote brown,#81613C,129,97,60,62,37,37
Cotton candy,#FFBCD9,255,188,217,334,100,87
Cream,#FFFDD0,255,253,208,57,100,91
Crimson,#DC143C,220,20,60,348,83,47
Crimson glory,#BE0032,190,0,50,344,100,37
Crimson red,#990000,153,0,0,0,100,30
Cultured,#F5F5F5,245,245,245,0,0,96
Cyan,#00FFFF,0,255,255,180,100,50
Cyan azure,#4E82B4,78,130,180,209,41,51
Cyan-blue azure,#4682BF,70,130,191,210,49,51
Cyan cobalt blue,#28589C,40,88,156,215,59,38
Cyan cornflower blue,#188BC2,24,139,194,199,78,43
Cyan (process),#00B7EB,0,183,235,193,100,46
Cyber grape,#58427C,88,66,124,263,31,37
Cyber yellow,#FFD300,255,211,0,50,100,50
Cyclamen,#F56FA1,245,111,161,0,87,70
Daffodil,#FFFF31,255,255,49,60,100,60
Dandelion,#F0E130,240,225,48,55,86,56
Dark blue,#00008B,0,0,139,240,100,27
Dark blue-gray,#666699,102,102,153,240,20,50
Dark brown,#654321,101,67,33,30,51,26
Dark brown-tangelo,#88654E,136,101,78,24,27,42
Dark byzantium,#5D3954,93,57,84,315,24,29
Dark candy apple red,#A40000,164,0,0,0,100,32
Dark cerulean,#08457E,8,69,126,209,88,26
Dark chestnut,#986960,152,105,96,10,23,49
Dark coral,#CD5B45,205,91,69,10,58,54
Dark cyan,#008B8B,0,139,139,180,100,27
Dark electric blue,#536878,83,104,120,206,18,40
Dark goldenrod,#B8860B,184,134,11,43,89,38
Dark gray (X11),#A9A9A9,169,169,169,0,0,66
Dark green,#013220,1,50,32,158,96,10
Dark green (X11),#006400,0,100,0,120,100,20
Dark gunmetal,#1F262A,31,38,42,202,15,14
Dark imperial blue,#00416A,0,65,106,203,100,21
Dark imperial blue,#00147E,0,20,126,183,100,25
Dark jungle green,#1A2421,26,36,33,162,16,12
Dark khaki,#BDB76B,189,183,107,56,38,58
Dark lava,#483C32,72,60,50,27,18,24
Dark lavender,#734F96,115,79,150,270,31,45
Dark liver,#534B4F,83,75,79,330,5,31
Dark liver (horses),#543D37,84,61,55,12,21,27
Dark magenta,#8B008B,139,0,139,300,100,27
Dark medium gray,#A9A9A9,169,169,169,0,0,66
Dark midnight blue,#003366,0,51,102,210,100,20
Dark moss green,#4A5D23,74,93,35,80,45,25
Dark olive green,#556B2F,85,107,47,82,39,30
Dark orange,#FF8C00,255,140,0,33,100,50
Dark orchid,#9932CC,153,50,204,280,61,50
Dark pastel blue,#779ECB,119,158,203,212,45,63
Dark pastel green,#03C03C,3,192,60,138,97,38
Dark pastel purple,#966FD6,150,111,214,263,56,64
Dark pastel red,#C23B22,194,59,34,9,70,45
Dark pink,#E75480,231,84,128,342,75,62
Dark powder blue,#003399,0,51,153,220,100,30
Dark puce,#4F3A3C,79,58,60,354,15,27
Dark purple,#301934,48,25,52,291,35,15
Dark raspberry,#872657,135,38,87,330,56,34
Dark red,#8B0000,139,0,0,0,100,27
Dark salmon,#E9967A,233,150,122,15,72,70
Dark scarlet,#560319,86,3,25,344,93,17
Dark sea green,#8FBC8F,143,188,143,120,25,65
Dark sienna,#3C1414,60,20,20,0,50,16
Dark sky blue,#8CBED6,140,190,214,199,47,69
Dark slate blue,#483D8B,72,61,139,248,39,39
Dark slate gray,#2F4F4F,47,79,79,180,25,25
Dark spring green,#177245,23,114,69,150,66,27
Dark tan,#918151,145,129,81,45,28,44
Dark tangerine,#FFA812,255,168,18,38,100,54
Dark taupe,#483C32,72,60,50,27,18,24
Dark terra cotta,#CC4E5C,204,78,92,353,55,55
Dark turquoise,#00CED1,0,206,209,181,100,41
Dark vanilla,#D1BEA8,209,190,168,32,31,74
Dark violet,#9400D3,148,0,211,282,100,41
Dark yellow,#9B870C,155,135,12,52,86,33
Dartmouth green,#00703C,0,112,60,152,100,22
Davy's grey,#555555,85,85,85,0,0,33
Debian red,#D70A53,215,10,83,339,91,44
Deep aquamarine,#40826D,64,130,109,161,34,38
Deep carmine,#A9203E,169,32,62,347,68,39
Deep carmine pink,#EF3038,239,48,56,357,86,56
Deep carrot orange,#E9692C,233,105,44,19,81,54
Deep cerise,#DA3287,218,50,135,330,69,53
Deep champagne,#FAD6A5,250,214,165,35,90,81
Deep chestnut,#B94E48,185,78,72,3,45,50
Deep coffee,#704241,112,66,65,1,27,35
Deep fuchsia,#C154C1,193,84,193,300,47,54
Deep Green,#056608,5,102,8,122,91,21
Deep green-cyan turquoise,#0E7C61,14,124,97,165,80,27
Deep jungle green,#004B49,0,75,73,178,100,15
Deep koamaru,#333366,51,51,102,240,33,30
Deep lemon,#F5C71A,245,199,26,47,92,53
Deep lilac,#9955BB,153,85,187,280,43,53
Deep magenta,#CC00CC,204,0,204,300,100,40
Deep maroon,#820000,130,0,0,0,100,26
Deep mauve,#D473D4,212,115,212,300,53,64
Deep moss green,#355E3B,53,94,59,129,28,29
Deep peach,#FFCBA4,255,203,164,26,100,82
Deep pink,#FF1493,255,20,147,328,100,54
Deep puce,#A95C68,169,92,104,351,31,51
Deep Red,#850101,133,1,1,0,99,26
Deep ruby,#843F5B,132,63,91,336,35,38
Deep saffron,#FF9933,255,153,51,30,100,60
Deep sky blue,#00BFFF,0,191,255,195,100,50
Deep Space Sparkle,#4A646C,74,100,108,194,19,36
Deep spring bud,#556B2F,85,107,47,82,39,30
Deep Taupe,#7E5E60,126,94,96,356,15,43
Deep Tuscan red,#66424D,102,66,77,342,21,33
Deep violet,#330066,51,0,102,270,100,20
Deer,#BA8759,186,135,89,28,41,54
Denim,#1560BD,21,96,189,213,80,41
Denim Blue,#2243B6,34,67,182,227,69,42
Desaturated cyan,#669999,102,153,153,180,20,50
Desert,#C19A6B,193,154,107,33,41,59
Desert sand,#EDC9AF,237,201,175,25,63,81
Desire,#EA3C53,234,60,83,352,81,58
Diamond,#B9F2FF,185,242,255,191,100,86
Dim gray,#696969,105,105,105,0,0,41
Dingy Dungeon,#C53151,197,49,81,347,60,48
Dirt,#9B7653,155,118,83,29,30,47
Dodger blue,#1E90FF,30,144,255,210,100,56
Dogwood rose,#D71868,215,24,104,335,80,47
Dollar bill,#85BB65,133,187,101,98,39,56
Dolphin Gray,#828E84,130,142,132,130,5,53
Donkey brown,#664C28,102,76,40,35,44,28
Drab,#967117,150,113,23,43,73,34
Duke blue,#00009C,0,0,156,240,100,31
Dust storm,#E5CCC9,229,204,201,6,35,84
Dutch white,#EFDFBB,239,223,187,42,62,84
Earth yellow,#E1A95F,225,169,95,34,68,63
Ebony,#555D50,85,93,80,97,8,34
Ecru,#C2B280,194,178,128,45,35,63
Eerie black,#1B1B1B,27,27,27,0,0,11
Eggplant,#614051,97,64,81,329,20,32
Eggshell,#F0EAD6,240,234,214,46,46,89
Egyptian blue,#1034A6,16,52,166,226,82,36
Electric blue,#7DF9FF,125,249,255,183,100,75
Electric crimson,#FF003F,255,0,63,345,100,50
Electric cyan,#00FFFF,0,255,255,180,100,50
Electric green,#00FF00,0,255,0,120,100,50
Electric indigo,#6F00FF,111,0,255,266,100,50
Electric lavender,#F4BBFF,244,187,255,290,100,87
Electric lime,#CCFF00,204,255,0,72,100,50
Electric purple,#BF00FF,191,0,255,285,100,50
Electric ultramarine,#3F00FF,63,0,255,255,100,50
Electric violet,#8F00FF,143,0,255,274,100,50
Electric yellow,#FFFF33,255,255,51,60,100,60
Emerald,#50C878,80,200,120,140,52,55
Eminence,#6C3082,108,48,130,284,46,35
English green,#1B4D3E,27,77,62,162,48,20
English lavender,#B48395,180,131,149,338,25,61
English red,#AB4B52,171,75,82,356,39,48
English vermillion,#CC474B,204,71,75,358,57,54
English violet,#563C5C,86,60,92,289,21,30
Eton blue,#96C8A2,150,200,162,134,31,69
Eucalyptus,#44D7A8,68,215,168,161,65,55
Fallow,#C19A6B,193,154,107,33,41,59
Falu red,#801818,128,24,24,0,68,30
Fandango,#B53389,181,51,137,320,56,45
Fandango pink,#DE5285,222,82,133,338,68,60
Fashion fuchsia,#F400A1,244,0,161,320,100,48
Fawn,#E5AA70,229,170,112,30,69,67
Feldgrau,#4D5D53,77,93,83,143,9,33
Feldspar,#FDD5B1,253,213,177,28,95,84
Fern green,#4F7942,79,121,66,106,29,37
Ferrari Red,#FF2800,255,40,0,9,100,50
Field drab,#6C541E,108,84,30,42,57,27
Fiery Rose,#FF5470,255,84,112,350,100,67
Firebrick,#B22222,178,34,34,0,68,42
Fire engine red,#CE2029,206,32,41,357,73,47
Flame,#E25822,226,88,34,17,77,51
Flamingo pink,#FC8EAC,252,142,172,344,95,77
Flattery,#6B4423,107,68,35,28,51,28
Flavescent,#F7E98E,247,233,142,52,87,76
Flax,#EEDC82,238,220,130,50,76,72
Flirt,#A2006D,162,0,109,320,100,32
Floral white,#FFFAF0,255,250,240,40,100,97
Fluorescent orange,#FFBF00,255,191,0,45,100,50
Fluorescent pink,#FF1493,255,20,147,328,100,54
Fluorescent yellow,#CCFF00,204,255,0,72,100,50
Folly,#FF004F,255,0,79,341,100,50
Forest green (traditional),#014421,1,68,33,149,97,14
Forest green (web),#228B22,34,139,34,120,61,34
French beige,#A67B5B,166,123,91,26,30,50
French bistre,#856D4D,133,109,77,34,27,41
French blue,#0072BB,0,114,187,203,100,37
French fuchsia,#FD3F92,253,63,146,334,98,62
French lilac,#86608E,134,96,142,290,19,47
French lime,#9EFD38,158,253,56,89,98,61
French mauve,#D473D4,212,115,212,300,53,64
French pink,#FD6C9E,253,108,158,339,97,71
French plum,#811453,129,20,83,325,73,29
French puce,#4E1609,78,22,9,11,79,17
French raspberry,#C72C48,199,44,72,349,64,48
French rose,#F64A8A,246,74,138,338,91,63
French sky blue,#77B5FE,119,181,254,212,99,73
French violet,#8806CE,136,6,206,279,94,42
French wine,#AC1E44,172,30,68,344,70,40
Fresh Air,#A6E7FF,166,231,255,196,100,83
Frostbite,#E936A7,233,54,167,322,80,56
Fuchsia,#FF00FF,255,0,255,300,100,50
Fuchsia (Crayola),#C154C1,193,84,193,300,47,54
Fuchsia pink,#FF77FF,255,119,255,300,100,73
Fuchsia purple,#CC397B,204,57,123,333,59,51
Fuchsia rose,#C74375,199,67,117,337,54,52
Fulvous,#E48400,228,132,0,35,100,45
Fuzzy Wuzzy,#CC6666,204,102,102,0,50,60
Gainsboro,#DCDCDC,220,220,220,0,0,86
Gamboge,#E49B0F,228,155,15,39,88,48
Gamboge orange (brown),#996600,152,102,0,40,100,30
Gargoyle Gas,#FFDF46,255,223,70,50,100,64
Generic viridian,#007F66,0,127,102,168,100,25
Ghost white,#F8F8FF,248,248,255,240,100,99
Giant's Club,#B05C52,176,92,82,6,37,51
Giants orange,#FE5A1D,254,90,29,16,99,55
Ginger,#B06500,176,101,0,34,100,35
Glaucous,#6082B6,96,130,182,216,37,55
Glitter,#E6E8FA,230,232,250,234,67,94
Glossy Grape,#AB92B3,171,146,179,285,18,64
GO green,#00AB66,0,171,102,156,100,34
Gold (metallic),#D4AF37,212,175,55,46,65,52
Gold (web) (Golden),#FFD700,255,215,0,51,100,50
Gold Fusion,#85754E,133,117,78,43,26,41
Golden brown,#996515,153,101,21,36,76,34
Golden poppy,#FCC200,252,194,0,46,100,49
Golden yellow,#FFDF00,255,223,0,52,100,50
Goldenrod,#DAA520,218,165,32,43,74,49
Granite Gray,#676767,103,103,103,0,0,40
Granny Smith Apple,#A8E4A0,168,228,160,113,56,76
Grape,#6F2DA8,111,45,168,272,58,42
Gray,#808080,128,128,128,0,0,50
Gray (HTML/CSS gray),#808080,128,128,128,0,0,50
Gray (X11 gray),#BEBEBE,190,190,190,0,0,75
Gray-asparagus,#465945,70,89,69,117,13,31
Gray-blue,#8C92AC,140,146,172,229,16,61
Green (Color Wheel) (X11 green),#00FF00,0,255,0,120,100,50
Green (Crayola),#1CAC78,28,172,120,158,72,39
Green (HTML/CSS color),#008000,0,128,0,120,100,25
Green (Munsell),#00A877,0,168,119,163,100,33
Green (NCS),#009F6B,0,159,107,160,100,31
Green (Pantone),#00AD43,0,173,67,143,100,34
Green (pigment),#00A550,0,165,80,149,100,32
Green (RYB),#66B032,102,176,50,95,56,44
Green-blue,#1164B4,17,100,180,209,83,39
Green-cyan,#009966,0,153,102,160,100,30
Green Lizard,#A7F432,167,244,50,84,90,58
Green Sheen,#6EAEA1,110,174,161,168,28,56
Green-yellow,#ADFF2F,173,255,47,84,100,59
Grizzly,#885818,136,88,24,34,70,31
Grullo,#A99A86,169,154,134,34,17,59
Guppie green,#00FF7F,0,255,127,150,100,50
Gunmetal,#2a3439,42,52,57,200,15,19
Halayà úbe,#663854,102,55,84,323,29,31
Han blue,#446CCF,68,108,207,223,59,54
Han purple,#5218FA,82,24,250,255,96,54
Hansa yellow,#E9D66B,233,214,107,51,74,67
Harlequin,#3FFF00,63,255,0,105,100,50
Harlequin green,#46CB18,70,203,24,105,79,45
Harvard crimson,#C90016,201,0,22,353,100,39
Harvest gold,#DA9100,218,145,0,40,100,43
Heart Gold,#808000,128,128,0,60,100,25
Heat Wave,#FF7A00,255,122,0,29,100,50
Heidelberg Red[2],#960018,150,0,24,10,100,29
Heliotrope,#DF73FF,223,115,255,286,100,73
Heliotrope gray,#AA98A9,170,152,168,303,10,63
Heliotrope magenta,#AA00BB,170,0,187,295,100,37
Hollywood cerise,#F400A1,244,0,161,320,100,48
Honeydew,#F0FFF0,240,255,240,120,100,97
Honolulu blue,#006DB0,0,109,176,203,100,35
Hooker's green,#49796B,73,121,107,163,25,38
Hot magenta,#FF1DCE,255,29,206,313,100,56
Hot pink,#FF69B4,255,105,180,330,100,71
Hunter green,#355E3B,53,94,59,129,28,29
Iceberg,#71A6D2,113,166,210,207,52,63
Icterine,#FCF75E,252,247,94,58,96,68
Iguana Green,#71BC78,113,188,120,126,36,59
Illuminating Emerald,#319177,49,145,119,164,49,38
Imperial,#602F6B,96,47,107,289,39,30
Imperial blue,#002395,0,35,149,226,100,29
Imperial purple,#66023C,102,2,60,325,96,20
Imperial red,#ED2939,237,41,57,355,84,55
Inchworm,#B2EC5D,178,236,93,84,79,65
Independence,#4C516D,76,81,109,231,18,36
India green,#138808,19,136,8,115,89,28
Indian red,#CD5C5C,205,92,92,0,53,58
Indian yellow,#E3A857,227,168,87,35,71,62
Indigo,#4B0082,75,0,130,266,100,26
Indigo dye,#091F92,9,31,146,230,88,30
Indigo (web),#4B0082,75,0,130,275,100,25
Infra Red,#FF496C,255,73,108,348,100,64
Interdimensional Blue,#360CCC,54,12,204,253,89,42
International Klein Blue,#002FA7,0,47,167,223,100,33
International orange (aerospace),#FF4F00,255,79,0,19,100,50
International orange (engineering),#BA160C,186,22,12,3,88,39
International orange (Golden Gate Bridge),#C0362C,192,54,44,4,63,46
Iris,#5A4FCF,90,79,207,245,57,56
Irresistible,#B3446C,179,68,108,338,45,48
Isabelline,#F4F0EC,244,240,236,30,27,94
Islamic green,#009000,0,144,0,120,100,28
Italian sky blue,#B2FFFF,178,255,255,180,100,85
Ivory,#FFFFF0,255,255,240,60,100,97
Jade,#00A86B,0,168,107,158,100,33
Japanese carmine,#9D2933,157,41,51,355,59,39
Japanese indigo,#264348,38,67,72,189,31,22
Japanese violet,#5B3256,91,50,86,307,29,28
Jasmine,#F8DE7E,248,222,126,47,90,73
Jasper,#D73B3E,215,59,62,359,66,54
Jazzberry jam,#A50B5E,165,11,94,328,88,35
Jelly Bean,#DA614E,218,97,78,8,65,58
Jet,#343434,52,52,52,0,0,20
Jonquil,#F4CA16,244,202,22,49,91,52
Jordy blue,#8AB9F1,138,185,241,213,79,74
June bud,#BDDA57,189,218,87,73,64,60
Jungle green,#29AB87,41,171,135,163,61,42
Kelly green,#4CBB17,76,187,23,101,78,41
Kenyan copper,#7C1C05,124,28,5,12,92,25
Keppel,#3AB09E,58,176,158,171,50,46
Key Lime,#E8F48C,232,244,140,67,83,75
Khaki (HTML/CSS) (Khaki),#C3B091,195,176,145,37,29,67
Khaki (X11) (Light khaki),#F0E68C,240,230,140,54,77,75
Kiwi,#8EE53F,142,229,63,91,76,57
Kobe,#882D17,136,45,23,12,71,31
Kobi,#E79FC4,231,159,196,329,60,76
Kobicha,#6B4423,107,68,35,28,51,28
Kombu green,#354230,53,66,48,103,16,22
KSU Purple,#512888,79,38,131,266,55,33
KU Crimson,#E8000D,232,0,13,357,100,45
La Salle Green,#087830,8,120,48,141,88,25
Languid lavender,#D6CADD,214,202,221,278,22,83
Lapis lazuli,#26619C,38,97,156,210,61,38
Laser Lemon,#FFFF66,255,255,102,60,100,70
Laurel green,#A9BA9D,169,186,157,95,17,67
Lava,#CF1020,207,16,32,355,86,44
Lavender (floral),#B57EDC,181,126,220,275,57,68
Lavender (web),#E6E6FA,230,230,250,240,67,94
Lavender blue,#CCCCFF,204,204,255,240,100,90
Lavender blush,#FFF0F5,255,240,245,340,100,97
Lavender gray,#C4C3D0,196,195,208,245,12,79
Lavender indigo,#9457EB,148,87,235,265,79,63
Lavender magenta,#EE82EE,238,130,238,300,76,72
Lavender mist,#E6E6FA,230,230,250,240,67,94
Lavender pink,#FBAED2,251,174,210,332,91,83
Lavender purple,#967BB6,150,123,182,267,29,60
Lavender rose,#FBA0E3,251,160,227,316,92,81
Lawn green,#7CFC00,124,252,0,90,100,49
Lemon,#FFF700,255,247,0,58,100,50
Lemon chiffon,#FFFACD,255,250,205,54,100,90
Lemon curry,#CCA01D,204,160,29,45,75,46
Lemon glacier,#FDFF00,253,255,0,60,100,50
Lemon lime,#E3FF00,227,255,0,67,100,50
Lemon meringue,#F6EABE,246,234,190,47,76,85
Lemon yellow,#FFF44F,255,244,79,56,100,65
Licorice,#1A1110,26,17,16,6,24,8
Liberty,#545AA7,84,90,167,236,33,49
Light apricot,#FDD5B1,253,213,177,28,95,84
Light blue,#ADD8E6,173,216,230,195,53,79
Light brown,#B5651D,181,101,29,28,72,41
Light carmine pink,#E66771,230,103,113,355,72,65
Light cobalt blue,#88ACE0,136,172,224,215,59,71
Light coral,#F08080,240,128,128,0,79,72
Light cornflower blue,#93CCEA,147,204,234,201,67,75
Light crimson,#F56991,245,105,145,343,88,69
Light cyan,#E0FFFF,224,255,255,180,100,94
Light deep pink,#FF5CCD,255,92,205,318,100,68
Light French beige,#C8AD7F,200,173,127,38,40,64
Light fuchsia pink,#F984EF,249,132,239,305,91,75
Light goldenrod yellow,#FAFAD2,250,250,210,60,80,90
Light gray,#D3D3D3,211,211,211,0,0,83
Light grayish magenta,#CC99CC,204,153,204,300,33,70
Light green,#90EE90,144,238,144,120,73,75
Light hot pink,#FFB3DE,255,179,222,326,100,85
Light khaki,#F0E68C,240,230,140,54,77,75
Light medium orchid,#D39BCB,211,155,203,309,39,72
Light moss green,#ADDFAD,173,223,173,120,44,78
Light orchid,#E6A8D7,230,168,215,315,55,78
Light pastel purple,#B19CD9,177,156,217,261,45,73
Light pink,#FFB6C1,255,182,193,351,100,86
Light red ochre,#E97451,233,116,81,14,78,62
Light salmon,#FFA07A,255,160,122,17,100,74
Light salmon pink,#FF9999,255,153,153,0,100,80
Light sea green,#20B2AA,32,178,170,177,70,41
Light sky blue,#87CEFA,135,206,250,203,92,75
Light slate gray,#778899,119,136,153,210,14,53
Light steel blue,#B0C4DE,176,196,222,214,41,78
Light taupe,#B38B6D,179,139,109,26,32,56
Light Thulian pink,#E68FAC,230,143,172,340,64,73
Light yellow,#FFFFE0,255,255,224,60,100,94
Lilac,#C8A2C8,200,162,200,300,26,71
Lilac Luster,#AE98AA,174,152,170,311,12,64
Lime (color wheel),#BFFF00,191,255,0,75,100,50
Lime (web) (X11 green),#00FF00,0,255,0,120,100,50
Lime green,#32CD32,50,205,50,120,61,50
Limerick,#9DC209,157,194,9,72,91,40
Lincoln green,#195905,25,89,5,106,89,18
Linen,#FAF0E6,250,240,230,30,67,94
Loeen(lopen)look/vomit+indogo+Lopen+Gabriel,#15F2FD,123,154,200,33,41,63
Liseran Purple,#DE6FA1,222,111,161,333,63,65
Little boy blue,#6CA0DC,108,160,220,212,62,64
Liver,#674C47,103,76,71,9,18,34
Liver (dogs),#B86D29,184,109,41,29,64,44
Liver (organ),#6C2E1F,108,46,31,12,55,27
Liver chestnut,#987456,152,116,86,27,28,47
Livid,#6699CC,102,153,204,210,50,60
Lumber,#FFE4CD,255,228,205,28,100,90
Lust,#E62020,230,32,32,0,80,51
Maastricht Blue,#001C3D,0,28,61,212,100,12
Macaroni and Cheese,#FFBD88,255,189,136,27,100,77
Madder Lake,#CC3336,204,51,54,359,60,50
Magenta,#FF00FF,255,0,255,300,100,50
Magenta (Crayola),#FF55A3,255,85,163,332,100,67
Magenta (dye),#CA1F7B,202,31,123,328,73,46
Magenta (Pantone),#D0417E,208,65,126,334,60,54
Magenta (process),#FF0090,255,0,144,326,100,50
Magenta haze,#9F4576,159,69,118,327,39,45
Magenta-pink,#CC338B,204,51,139,325,60,50
Magic mint,#AAF0D1,170,240,209,153,70,80
Magic Potion,#FF4466,255,68,102,349,100,63
Magnolia,#F8F4FF,248,244,255,262,100,98
Mahogany,#C04000,192,64,0,20,100,38
Maize,#FBEC5D,251,236,93,54,95,67
Majorelle Blue,#6050DC,96,80,220,247,67,59
Malachite,#0BDA51,11,218,81,140,90,45
Manatee,#979AAA,151,154,170,231,10,63
Mandarin,#F37A48,243,122,72,18,88,62
Mango Tango,#FF8243,255,130,67,20,100,63
Mantis,#74C365,116,195,101,110,44,58
Mardi Gras,#880085,136,0,133,301,100,27
Marigold,#EAA221,234,162,33,39,83,52
Maroon (Crayola),#C32148,195,33,72,346,71,45
Maroon (HTML/CSS),#800000,128,0,0,0,100,25
Maroon (X11),#B03060,176,48,96,338,57,44
Mauve,#E0B0FF,224,176,255,276,100,85
Mauve taupe,#915F6D,145,95,109,343,21,47
Mauvelous,#EF98AA,239,152,170,348,73,77
Maximum Blue,#47ABCC,71,171,204,195,57,54
Maximum Blue Green,#30BFBF,48,191,191,180,60,47
Maximum Blue Purple,#ACACE6,172,172,230,240,54,79
Maximum Green,#5E8C31,94,140,49,90,48,37
Maximum Green Yellow,#D9E650,217,230,80,65,75,61
Maximum Purple,#733380,115,51,128,290,43,35
Maximum Red,#D92121,217,33,33,0,74,49
Maximum Red Purple,#A63A79,166,58,121,325,48,44
Maximum Yellow,#FAFA37,250,250,55,60,95,60
Maximum Yellow Red,#F2BA49,242,186,73,40,87,62
May green,#4C9141,76,145,65,112,38,41
Maya blue,#73C2FB,115,194,251,205,94,72
Meat brown,#E5B73B,229,183,59,44,77,56
Medium aquamarine,#66DDAA,102,221,170,154,64,63
Medium blue,#0000CD,0,0,205,240,100,40
Medium candy apple red,#E2062C,226,6,44,350,95,45
Medium carmine,#AF4035,175,64,53,5,54,45
Medium champagne,#F3E5AB,243,229,171,48,75,81
Medium electric blue,#035096,3,80,150,209,96,30
Medium jungle green,#1C352D,28,53,45,161,31,16
Medium lavender magenta,#DDA0DD,221,160,221,300,47,75
Medium orchid,#BA55D3,186,85,211,288,59,58
Medium Persian blue,#0067A5,0,103,165,203,100,32
Medium purple,#9370DB,147,112,219,260,60,65
Medium red-violet,#BB3385,187,51,133,324,57,47
Medium ruby,#AA4069,170,64,105,337,45,46
Medium sea green,#3CB371,60,179,113,147,50,47
Medium sky blue,#80DAEB,128,218,235,190,73,71
Medium slate blue,#7B68EE,123,104,238,249,80,67
Medium spring bud,#C9DC87,201,220,135,73,55,70
Medium spring green,#00FA9A,0,250,154,157,100,49
Medium taupe,#674C47,103,76,71,9,18,34
Medium turquoise,#48D1CC,72,209,204,178,60,55
Medium Tuscan red,#79443B,121,68,59,9,34,35
Medium vermilion,#D9603B,217,96,59,14,68,54
Medium violet-red,#C71585,199,21,133,322,81,43
Mellow apricot,#F8B878,248,184,120,30,90,72
Mellow yellow,#F8DE7E,248,222,126,47,90,73
Melon,#FDBCB4,253,188,180,7,95,85
Metallic Seaweed,#0A7E8C,10,126,140,186,87,29
Metallic Sunburst,#9C7C38,156,124,56,41,47,42
Mexican pink,#E4007C,228,0,124,327,100,45
Middle Blue,#7ED4E6,126,212,230,126,68,70
Middle Blue Green,#8DD9CC,141,217,204,141,50,70
Middle Blue Purple,#8B72BE,139,114,190,260,37,60
Middle Red Purple,#210837,33,8,55,139,75,12
Middle Green,#4D8C57,77,140,87,130,29,43
Middle Green Yellow,#ACBF60,172,191,96,72,43,56
Middle Purple,#D982B5,217,130,181,325,53,68
Middle Red,#E58E73,229,144,115,15,69,68
Middle Red Purple,#A55353,0,83,83,165,100,16
Middle Yellow,#FFEB00,255,235,0,55,100,50
Middle Yellow Red,#ECB176,166,58,121,236,48,44
Midnight,#702670,112,38,112,300,49,29
Midnight blue,#191970,25,25,112,240,64,27
Midnight green (eagle green),#004953,0,73,83,187,100,16
Mikado yellow,#FFC40C,255,196,12,45,100,52
Milk,#FDFFF5,253,255,245,72,100,98
Mimi Pink,#FFDAE9,255,218,233,336,100,93
Mindaro,#E3F988,227,249,136,72,90,75
Ming,#36747D,54,116,125,188,40,35
Minion Yellow,#F5E050,245,220,80,52,89,64
Mint,#3EB489,62,180,137,158,49,47
Mint cream,#F5FFFA,245,255,250,150,100,98
Mint green,#98FF98,152,255,152,120,100,80
Misty Moss,#BBB477,187,180,119,54,33,60
Misty rose,#FFE4E1,255,228,225,6,100,94
Moccasin,#FAEBD7,250,235,215,34,78,91
Mode beige,#967117,150,113,23,43,73,34
Moonstone blue,#73A9C2,115,169,194,199,39,61
Mordant red 19,#AE0C00,174,12,0,4,100,34
Moss green,#8A9A5B,138,154,91,75,26,48
Mountain Meadow,#30BA8F,48,186,143,161,59,46
Mountbatten pink,#997A8D,153,122,141,323,13,54
MSU Green,#18453B,24,69,59,167,48,18
Mughal green,#306030,48,96,48,120,33,28
Mulberry,#C54B8C,197,75,140,328,51,53
Mummy's Tomb,#828E84,130,142,132,130,5,53
Mustard,#FFDB58,255,219,88,47,100,67
Myrtle green,#317873,49,120,115,176,42,33
Mystic,#D65282,214,82,130,338,62,58
Mystic Maroon,#AD4379,173,67,121,329,44,47
Nadeshiko pink,#F6ADC6,246,173,198,339,80,82
Napier green,#2A8000,42,128,0,100,100,25
Naples yellow,#FADA5E,250,218,94,48,94,67
Navajo white,#FFDEAD,255,222,173,36,100,84
Navy,#000080,0,0,128,240,100,25
Navy purple,#9457EB,148,87,235,265,79,63
Neon Carrot,#FFA343,255,163,67,31,100,63
Neon fuchsia,#FE4164,254,65,100,349,99,63
Neon green,#39FF14,57,255,20,111,100,54
New Car,#214FC6,33,79,198,223,71,45
New York pink,#D7837F,215,131,127,3,52,67
Nickel,#727472,114,116,114,120,1,45
Non-photo blue,#A4DDED,164,221,237,193,67,79
North Texas Green,#059033,5,144,51,140,93,29
Nyanza,#E9FFDB,233,255,219,97,100,93
Ocean Blue,#4F42B5,79,66,181,247,47,48
Ocean Boat Blue,#0077BE,0,119,190,202,100,37
Ocean Green,#48BF91,72,191,145,157,48,52
Ochre,#CC7722,204,119,34,30,71,47
Office green,#008000,0,128,0,120,100,25
Ogre Odor,#FD5240,253,82,64,6,98,62
Old burgundy,#43302E,67,48,46,6,19,22
Old gold,#CFB53B,207,181,59,49,61,52
Old heliotrope,#563C5C,86,60,92,289,21,30
Old lace,#FDF5E6,253,245,230,39,85,95
Old lavender,#796878,121,104,120,304,8,44
Old mauve,#673147,103,49,71,336,36,30
Old moss green,#867E36,134,126,54,54,43,37
Old rose,#C08081,192,128,129,359,34,63
Old silver,#848482,132,132,130,60,1,51
Olive,#808000,128,128,0,60,100,25
Olive Drab (#3),#6B8E23,107,142,35,80,60,35
Olive Drab #7,#3C341F,60,52,31,43,32,18
Olivine,#9AB973,154,185,115,87,33,59
Onyx,#353839,53,56,57,195,4,22
Opera mauve,#B784A7,183,132,167,319,26,62
Orange (color wheel),#FF7F00,255,127,0,30,100,50
Orange (Crayola),#FF7538,255,117,56,18,100,61
Orange (Pantone),#FF5800,255,88,0,21,100,50
Orange (RYB),#FB9902,251,153,2,36,98,50
Orange (web),#FFA500,255,165,0,39,100,50
Orange peel,#FF9F00,255,159,0,37,100,50
Orange-red,#FF4500,255,69,0,16,100,50
Orange Soda,#FA5B3D,250,91,61,10,95,61
Orange-yellow,#F8D568,248,213,104,45,91,69
Orchid,#DA70D6,218,112,214,302,59,65
Orchid pink,#F2BDCD,242,189,205,342,67,85
Orioles orange,#FB4F14,251,79,20,15,97,53
Otter brown,#654321,101,67,33,30,51,26
Outer Space,#414A4C,65,74,76,191,8,28
Outrageous Orange,#FF6E4A,255,110,74,12,100,65
Oxford Blue,#002147,0,33,71,212,100,14
OU Crimson Red,#990000,153,0,0,0,100,30
Pacific Blue,#1CA9C9,28,169,201,191,76,45
Pakistan green,#006600,0,102,0,120,100,20
Palatinate blue,#273BE2,39,59,226,234,76,52
Palatinate purple,#682860,104,40,96,308,44,28
Pale aqua,#BCD4E6,188,212,230,206,46,82
Pale blue,#AFEEEE,175,238,238,180,65,81
Pale brown,#987654,152,118,84,30,29,46
Pale carmine,#AF4035,175,64,53,5,54,45
Pale cerulean,#9BC4E2,155,196,226,205,55,75
Pale chestnut,#DDADAF,221,173,175,358,41,77
Pale copper,#DA8A67,218,138,103,18,61,63
Pale cornflower blue,#ABCDEF,171,205,239,210,68,80
Pale cyan,#87D3F8,135,211,248,200,89,75
Pale gold,#E6BE8A,230,190,138,34,65,72
Pale goldenrod,#EEE8AA,238,232,170,55,67,80
Pale green,#98FB98,152,251,152,120,93,79
Pale lavender,#DCD0FF,220,208,255,255,100,91
Pale magenta,#F984E5,249,132,229,310,91,75
Pale magenta-pink,#FF99CC,255,153,204,330,100,80
Pale pink,#FADADD,250,218,221,354,76,92
Pale plum,#DDA0DD,221,160,221,300,47,75
Pale red-violet,#DB7093,219,112,147,340,60,65
Pale robin egg blue,#96DED1,150,222,209,169,52,73
Pale silver,#C9C0BB,201,192,187,21,11,76
Pale spring bud,#ECEBBD,236,235,189,59,55,83
Pale taupe,#BC987E,188,152,126,25,32,62
Pale turquoise,#AFEEEE,175,238,238,180,65,81
Pale violet,#CC99FF,204,153,255,270,100,80
Pale violet-red,#DB7093,219,112,147,340,60,65
Palm Leaf,#6F9940,130,142,132,88,5,53
Pansy purple,#78184A,120,24,74,329,67,28
Paolo Veronese green,#009B7D,0,155,125,168,100,30
Papaya whip,#FFEFD5,255,239,213,37,100,92
Paradise pink,#E63E62,230,62,98,347,77,57
Paris Green,#50C878,80,200,120,140,52,55
Parrot Pink,#D998A0,217,152,160,353,46,72
Pastel blue,#AEC6CF,174,198,207,196,26,75
Pastel brown,#836953,130,105,83,28,22,42
Pastel gray,#CFCFC4,207,207,196,60,10,79
Pastel green,#77DD77,119,221,119,120,60,67
Pastel magenta,#F49AC2,244,154,194,333,80,78
Pastel orange,#FFB347,255,179,71,35,100,64
Pastel pink,#DEA5A4,222,165,164,1,47,76
Pastel purple,#B39EB5,179,158,181,295,13,66
Pastel red,#FF6961,255,105,97,3,100,69
Pastel violet,#CB99C9,203,153,201,302,32,70
Pastel yellow,#FDFD96,253,253,150,60,96,79
Patriarch,#800080,128,0,128,300,100,25
Payne's grey,#536878,83,104,120,206,18,40
Peach,#FFE5B4,255,229,180,39,100,85
Peach,#FFCBA4,255,203,164,26,100,82
Peach-orange,#FFCC99,255,204,153,30,100,80
Peach puff,#FFDAB9,255,218,185,28,100,86
Peach-yellow,#FADFAD,250,223,173,39,89,83
Pear,#D1E231,209,226,49,66,75,54
Pearl,#EAE0C8,234,224,200,42,45,85
Pearl Aqua,#88D8C0,136,216,192,162,51,69
Pearly purple,#B768A2,183,104,162,316,35,56
Peridot,#E6E200,230,226,0,59,100,45
Periwinkle,#CCCCFF,204,204,255,240,100,90
Permanent Geranium Lake,#E12C2C,225,44,44,0,75,53
Persian blue,#1C39BB,28,57,187,229,74,42
Persian green,#00A693,0,166,147,173,100,33
Persian indigo,#32127A,50,18,122,258,74,27
Persian orange,#D99058,217,144,88,26,63,60
Persian pink,#F77FBE,247,127,190,329,88,73
Persian plum,#701C1C,112,28,28,0,60,27
Persian red,#CC3333,204,51,51,0,60,50
Persian rose,#FE28A2,254,40,162,326,99,58
Persimmon,#EC5800,236,88,0,22,100,46
Peru,#CD853F,205,133,63,30,59,53
Pewter Blue,#8BA8B7,139,168,183,200,23,63
Phlox,#DF00FF,223,0,255,292,100,50
Phthalo blue,#000F89,0,15,137,233,100,27
Phthalo green,#123524,18,53,36,151,49,14
Picton blue,#45B1E8,69,177,232,200,78,59
Pictorial carmine,#C30B4E,195,11,78,338,89,40
Piggy pink,#FDDDE6,253,221,230,343,89,93
Pine green,#01796F,1,121,111,175,98,24
Pineapple,#563C5C,86,60,13,289,74,19
Pink,#FFC0CB,255,192,203,350,100,88
Pink (Pantone),#D74894,215,72,148,328,64,56
Pink Flamingo,#FC74FD,252,116,253,300,97,72
Pink lace,#FFDDF4,255,221,244,319,100,93
Pink lavender,#D8B2D1,216,178,209,311,33,77
Pink-orange,#FF9966,255,153,102,20,100,70
Pink pearl,#E7ACCF,231,172,207,324,55,79
Pink raspberry,#980036,152,0,54,339,100,30
Pink Sherbet,#F78FA7,247,143,167,346,87,76
Pistachio,#93C572,147,197,114,96,42,61
Pixie Powder,#391285,57,18,133,260,76,30
Platinum,#E5E4E2,229,228,226,40,5,89
Plum,#8E4585,142,69,133,307,35,41
Plum (web),#DDA0DD,221,160,221,300,47,75
Plump Purple,#5946B2,89,70,178,251,44,49
Polished Pine,#5DA493,93,164,147,166,28,50
Pomp and Power,#86608E,134,96,142,290,19,47
Popstar,#BE4F62,190,79,98,350,46,53
Portland Orange,#FF5A36,255,90,54,11,100,61
Powder blue,#B0E0E6,176,224,230,187,52,80
Princess Perfume,#FF85CF,255,133,207,324,100,76
Princeton orange,#F58025,245,128,37,26,91,55
Prune,#701C1C,112,28,28,0,60,27
Prussian blue,#003153,0,49,83,205,100,16
Psychedelic purple,#DF00FF,223,0,255,292,100,50
Puce,#CC8899,204,136,153,345,40,67
Puce red,#722F37,114,47,55,353,42,32
Pullman Brown (UPS Brown),#644117,100,65,23,33,63,24
Pullman Green,#3B331C,59,51,28,45,36,17
Pumpkin,#FF7518,255,117,24,24,100,55
Purple (HTML),#800080,128,0,128,300,100,25
Purple (Munsell),#9F00C5,159,0,197,288,100,39
Purple (X11),#A020F0,160,32,240,277,87,53
Purple Heart,#69359C,105,53,156,270,49,41
Purple mountain majesty,#9678B6,150,120,182,269,30,59
Purple navy,#4E5180,78,81,128,236,24,40
Purple pizzazz,#FE4EDA,254,78,218,312,99,65
Purple Plum,#9C51B6,156,81,182,285,41,52
Purple taupe,#50404D,80,64,77,311,11,28
Purpureus,#9A4EAE,154,78,174,288,38,49
Quartz,#51484F,81,72,79,313,6,30
Queen blue,#436B95,67,107,149,211,38,42
Queen pink,#E8CCD7,232,204,215,336,38,85
Quick Silver,#A6A6A6,166,166,166,0,0,65
Quinacridone magenta,#8E3A59,142,58,89,338,42,39
Rackley,#5D8AA8,93,138,168,204,30,51
Radical Red,#FF355E,255,53,94,348,100,60
Raisin black,#242124,36,33,36,300,4,14
Rajah,#FBAB60,251,171,96,29,95,68
Raspberry,#E30B5D,227,11,92,337,91,47
Raspberry glace,#915F6D,145,95,109,343,21,47
Raspberry pink,#E25098,226,80,152,330,72,60
Raspberry rose,#B3446C,179,68,108,338,45,48
Raw Sienna,#D68A59,214,138,89,24,60,59
Raw umber,#826644,130,102,68,33,31,39
Razzle dazzle rose,#FF33CC,255,51,204,315,100,60
Razzmatazz,#E3256B,227,37,107,338,77,52
Razzmic Berry,#8D4E85,141,78,133,308,29,43
Rebecca Purple,#663399,102,52,153,270,49,40
Red,#FF0000,255,0,0,0,100,50
Red (Crayola),#EE204D,238,32,77,347,86,53
Red (Munsell),#F2003C,242,0,60,345,100,47
Red (NCS),#C40233,196,2,51,345,98,39
Red (Pantone),#ED2939,237,41,57,355,84,55
Red (pigment),#ED1C24,237,28,36,358,85,52
Red (RYB),#FE2712,254,39,18,5,99,53
Red-brown,#A52A2A,165,42,42,0,59,41
Red devil,#860111,134,1,17,353,99,26
Red-orange,#FF5349,255,83,73,3,100,64
Red-purple,#E40078,228,0,120,328,100,45
Red Salsa,#FD3A4A,253,58,74,355,98,61
Red-violet,#C71585,199,21,133,322,81,43
Redwood,#A45A52,164,90,82,6,33,48
Regalia,#522D80,82,45,128,267,48,34
Registration black,#000000,0,0,0,0,0,0
Resolution blue,#002387,0,35,135,224,100,26
Rhythm,#777696,119,118,150,242,13,53
Rich black,#004040,0,64,64,180,100,13
Rich black (FOGRA29),#010B13,1,11,19,207,90,4
Rich black (FOGRA39),#010203,1,2,3,210,50,1
Rich brilliant lavender,#F1A7FE,241,167,254,291,98,83
Rich carmine,#D70040,215,0,64,342,100,42
Rich electric blue,#0892D0,8,146,208,199,93,42
Rich lavender,#A76BCF,167,107,207,276,51,62
Rich lilac,#B666D2,182,102,210,284,55,61
Rich maroon,#B03060,176,48,96,338,57,44
Rifle green,#444C38,68,76,56,84,15,26
Roast coffee,#704241,112,66,65,1,27,35
Robin egg blue,#00CCCC,0,204,204,180,100,40
Rocket metallic,#8A7F80,138,127,128,355,4,52
Roman silver,#838996,131,137,150,221,8,55
Rose,#FF007F,255,0,127,330,100,50
Rose bonbon,#F9429E,249,66,158,330,94,62
Rose Dust,#9E5E6F,158,94,111,344,25,49
Rose ebony,#674846,103,72,70,4,19,34
Rose gold,#B76E79,183,110,121,351,34,57
Rose madder,#E32636,227,38,54,355,77,52
Rose pink,#FF66CC,255,102,204,320,100,70
Rose quartz,#AA98A9,170,152,169,303,10,63
Rose red,#C21E56,194,30,86,340,73,44
Rose taupe,#905D5D,144,93,93,0,22,46
Rose vale,#AB4E52,171,78,82,357,37,49
Rosewood,#65000B,101,0,11,353,100,20
Rosso corsa,#D40000,212,0,0,0,100,42
Rosy brown,#BC8F8F,188,143,143,0,25,65
Royal azure,#0038A8,0,56,168,220,100,33
Royal blue,#002366,0,35,102,219,100,20
Royal blue,#4169E1,65,105,225,225,73,57
Royal fuchsia,#CA2C92,202,44,146,321,64,48
Royal purple,#7851A9,120,81,169,267,35,49
Royal yellow,#FADA5E,250,218,94,48,94,67
Ruber,#CE4676,206,70,118,339,58,54
Rubine red,#D10056,209,0,86,335,100,41
Ruby,#E0115F,224,17,95,337,86,47
Ruby red,#9B111E,155,17,30,354,80,34
Ruddy,#FF0028,255,0,40,351,100,50
Ruddy brown,#BB6528,187,101,40,25,65,45
Ruddy pink,#E18E96,225,142,150,354,58,72
Rufous,#A81C07,168,28,7,8,92,34
Russet,#80461B,128,70,27,26,65,30
Russian green,#679267,103,146,103,120,17,49
Russian violet,#32174D,50,23,77,270,54,20
Rust,#B7410E,183,65,14,18,86,39
Rusty red,#DA2C43,218,44,67,352,70,51
Sacramento State green,#00563F,0,86,63,164,100,17
Saddle brown,#8B4513,139,69,19,25,76,31
Safety orange,#FF7800,255,120,0,28,100,50
Safety orange (blaze orange),#FF6700,255,103,0,24,100,50
Safety yellow,#EED202,238,210,2,53,98,47
Saffron,#F4C430,244,196,48,45,90,57
Sage,#BCB88A,188,184,138,55,27,64
St. Patrick's blue,#23297A,35,41,122,236,55,31
Salmon,#FA8072,250,128,114,6,93,71
Salmon pink,#FF91A4,255,145,164,350,100,78
Sand,#C2B280,194,178,128,45,35,63
Sand dune,#967117,150,113,23,43,73,34
Sandstorm,#ECD540,236,213,64,52,82,59
Sandy brown,#F4A460,244,164,96,28,87,67
Sandy Tan,#FDD9B5,253,217,181,30,95,85
Sandy taupe,#967117,150,113,23,43,73,34
Sangria,#92000A,146,0,10,356,100,29
Sap green,#507D2A,80,125,42,93,50,33
Sapphire,#0F52BA,15,82,186,216,85,39
Sapphire blue,#0067A5,0,103,165,203,100,32
Sasquatch Socks,#FF4681,255,70,129,341,100,64
Satin sheen gold,#CBA135,203,161,53,43,59,50
Scarlet,#FF2400,255,36,0,8,100,50
Scarlet,#FD0E35,253,14,53,350,98,52
Schauss pink,#FF91AF,255,145,175,344,100,78
School bus yellow,#FFD800,255,216,0,51,100,50
Screamin' Green,#66FF66,102,255,102,120,100,70
Sea blue,#006994,0,105,148,197,100,29
Sea Foam Green,#9FE2BF,195,226,191,149,38,82
Sea green,#2E8B57,46,139,87,146,50,36
Sea Serpent,#4BC7CF,75,199,207,184,58,55
Seal brown,#59260B,50,20,20,0,43,14
Seashell,#FFF5EE,255,245,238,25,100,97
Selective yellow,#FFBA00,255,186,0,44,100,50
Sepia,#704214,112,66,20,30,70,26
Shadow,#8A795D,138,121,93,37,19,45
Shadow blue,#778BA5,119,139,165,214,20,56
Shampoo,#FFCFF1,255,207,241,318,100,91
Shamrock green,#009E60,0,158,96,156,100,31
Sheen Green,#8FD400,143,212,0,80,100,42
Shimmering Blush,#D98695,217,134,149,349,52,69
Shiny Shamrock,#5FA778,95,167,120,141,29,51
Shocking pink,#FC0FC0,252,15,192,315,98,52
Shocking pink (Crayola),#FF6FFF,255,111,255,300,100,72
Sienna,#882D17,136,45,23,12,71,31
Silver,#C0C0C0,192,192,192,0,0,75
Silver chalice,#ACACAC,172,172,172,0,0,67
Silver Lake blue,#5D89BA,93,137,186,212,40,55
Silver pink,#C4AEAD,196,174,173,3,16,72
Silver sand,#BFC1C2,191,193,194,200,2,75
Sinopia,#CB410B,203,65,11,17,90,42
Sizzling Red,#FF3855,255,56,85,351,100,61
Sizzling Sunrise,#FFDB00,255,219,0,52,100,50
Skobeloff,#007474,0,116,116,180,100,23
Sky blue,#87CEEB,135,206,235,197,71,73
Sky magenta,#CF71AF,207,113,175,320,49,63
Slate blue,#6A5ACD,106,90,205,248,53,58
Slate gray,#708090,112,128,144,210,13,50
Smalt (Dark powder blue),#003399,0,51,153,220,100,30
Slimy Green,#299617,41,150,23,111,73,34
Smashed Pumpkin,#FF6D3A,255,109,58,16,100,61
Smitten,#C84186,200,65,134,329,55,52
Smoke,#738276,115,130,118,132,6,48
Smokey Topaz,#832A0D,131,42,34,15,59,32
Smoky black,#100C08,16,12,8,30,33,5
Smoky Topaz,#933D41,147,61,65,357,41,41
Snow,#FFFAFA,255,250,250,0,100,99
Soap,#CEC8EF,206,200,239,249,55,86
Solid pink,#893843,137,56,67,352,42,38
Sonic silver,#757575,117,117,117,0,0,46
Spartan Crimson,#9E1316,158,19,22,359,79,35
Space cadet,#1D2951,29,41,81,226,47,22
Spanish bistre,#807532,128,117,50,52,44,35
Spanish blue,#0070B8,0,112,184,203,100,36
Spanish carmine,#D10047,209,0,71,340,100,41
Spanish crimson,#E51A4C,229,26,76,345,80,50
Spanish gray,#989898,152,152,152,0,0,60
Spanish green,#009150,0,145,80,153,100,28
Spanish orange,#E86100,232,97,0,25,100,45
Spanish pink,#F7BFBE,247,191,190,1,78,86
Spanish red,#E60026,230,0,38,350,100,45
Spanish sky blue,#00FFFF,0,255,255,180,100,50
Spanish violet,#4C2882,76,40,130,264,53,33
Spanish viridian,#007F5C,0,127,92,163,100,25
Spicy mix,#8B5f4D,139,95,77,17,29,42
Spiro Disco Ball,#0FC0FC,15,192,252,195,98,52
Spring bud,#A7FC00,167,252,0,80,100,49
Spring Frost,#87FF2A,135,255,42,94,100,58
Spring green,#00FF7F,0,255,127,150,100,50
Star command blue,#007BB8,0,123,184,200,100,36
Steel blue,#4682B4,70,130,180,207,44,49
Steel pink,#CC33CC,204,51,204,300,60,50
Steel Teal,#5F8A8B,95,138,139,181,19,46
Stil de grain yellow,#FADA5E,250,218,94,48,94,67
Stizza,#990000,153,0,0,0,100,30
Stormcloud,#4F666A,79,102,106,189,15,36
Straw,#E4D96F,228,217,111,54,68,66
Strawberry,#FC5A8D,252,90,141,341,96,67
Sugar Plum,#914E75,145,78,117,325,30,44
Sunburnt Cyclops,#FF404C,255,64,76,356,100,63
Sunglow,#FFCC33,255,204,51,45,100,60
Sunny,#F2F27A,242,242,122,60,82,71
Sunray,#E3AB57,227,171,87,36,71,62
Sunset,#FAD6A5,250,214,165,35,89,81
Sunset orange,#FD5E53,253,94,83,4,98,66
Super pink,#CF6BA9,207,107,169,323,51,62
Sweet Brown,#A83731,168,55,49,3,55,43
Tan,#D2B48C,210,180,140,34,44,69
Tangelo,#F94D00,249,77,0,19,100,49
Tangerine,#F28500,242,133,0,33,100,47
Tangerine yellow,#FFCC00,255,204,0,48,100,50
Tango pink,#E4717A,228,113,122,355,68,67
Tart Orange,#FB4D46,251,77,70,2,96,63
Taupe,#483C32,72,60,50,27,18,24
Taupe gray,#8B8589,139,133,137,320,3,53
Tea green,#D0F0C0,208,240,192,100,62,85
Tea rose,#F88379,248,131,121,5,90,72
Tea rose,#F4C2C2,244,194,194,0,69,86
Teal,#008080,0,128,128,180,100,25
Teal blue,#367588,54,117,136,194,43,37
Teal deer,#99E6B3,153,230,179,140,61,75
Teal green,#00827F,0,130,127,179,100,25
Telemagenta,#CF3476,207,52,118,334,62,51
Tenné (tawny),#CD5700,205,87,0,25,100,40
Terra cotta,#E2725B,226,114,91,10,70,62
Thistle,#D8BFD8,216,191,216,300,24,80
Thulian pink,#DE6FA1,222,111,161,333,63,65
Tickle Me Pink,#FC89AC,252,137,172,342,95,76
Tiffany Blue,#0ABAB5,10,186,181,178,90,38
Tiger's eye,#E08D3C,224,141,60,30,73,56
Timberwolf,#DBD7D2,219,215,210,33,11,84
Titanium yellow,#EEE600,238,230,0,58,100,47
Tomato,#FF6347,255,99,71,9,100,64
Toolbox,#746CC0,116,108,192,246,40,59
Topaz,#FFC87C,255,200,124,35,100,74
Tractor red,#FD0E35,253,14,53,350,98,52
Trolley Grey,#808080,128,128,128,0,0,50
Tropical rain forest,#00755E,0,117,94,168,100,23
Tropical violet,#CDA4DE,205,164,222,282,47,76
True Blue,#0073CF,0,115,207,207,100,41
Tufts Blue,#3E8EDE,62,142,222,210,71,56
Tulip,#FF878D,255,135,141,357,100,76
Tumbleweed,#DEAA88,222,170,136,24,57,70
Turkish rose,#B57281,181,114,129,347,31,58
Turquoise,#40E0D0,64,224,208,174,72,56
Turquoise blue,#00FFEF,0,255,239,176,100,50
Turquoise green,#A0D6B4,160,214,180,142,40,73
Turquoise Surf,#00C5CD,0,197,205,182,100,40
Turtle green,#8A9A5B,138,154,91,75,26,48
Tuscan,#FAD6A5,250,214,165,35,89,81
Tuscan brown,#6F4E37,111,78,55,25,34,33
Tuscan red,#7C4848,124,72,72,0,27,38
Tuscan tan,#A67B5B,166,123,91,26,30,50
Tuscany,#C09999,192,153,153,0,24,68
Twilight lavender,#8A496B,138,73,107,329,31,41
Tyrian purple,#66023C,102,2,60,325,96,20
UA blue,#0033AA,0,51,170,222,100,33
UA red,#D9004C,217,0,76,339,100,43
Ube,#8878C3,136,120,195,253,39,62
UCLA Blue,#536895,83,104,149,221,28,46
UCLA Gold,#FFB300,255,179,0,42,100,50
UFO Green,#3CD070,60,208,112,141,61,53
Ultramarine,#3F00FF,18,10,143,244,87,30
Ultramarine blue,#4166F5,65,102,245,228,90,61
Ultra pink,#FF6FFF,255,111,255,300,100,72
Ultra red,#FC6C85,252,108,133,350,96,71
Umber,#635147,99,81,71,21,16,33
Unbleached silk,#FFDDCA,255,221,202,22,100,90
United Nations blue,#5B92E5,91,146,229,216,73,63
University of California Gold,#B78727,183,135,39,40,65,44
Unmellow yellow,#FFFF66,255,255,102,60,100,70
UP Forest green,#014421,1,68,33,149,97,14
UP Maroon,#7B1113,123,17,19,359,76,27
Upsdell red,#AE2029,174,32,41,356,69,40
Urobilin,#E1AD21,225,173,33,44,76,51
USAFA blue,#004F98,0,79,152,209,100,30
USC Cardinal,#990000,153,0,0,0,100,30
USC Gold,#FFCC00,255,204,0,48,100,50
University of Tennessee Orange,#F77F00,247,127,0,31,100,48
Utah Crimson,#D3003F,211,0,63,342,100,41
Van Dyke Brown,#664228,102,66,40,25,44,28
Vanilla,#F3E5AB,243,229,171,48,75,81
Vanilla ice,#F38FA9,243,143,169,344,81,76
Vegas gold,#C5B358,197,179,88,50,48,56
Venetian red,#C80815,200,8,21,356,92,41
Verdigris,#43B3AE,67,179,174,177,46,48
Vermilion,#E34234,227,66,52,5,76,55
Vermilion,#D9381E,217,56,30,8,76,48
Veronica,#A020F0,160,32,240,277,87,53
Very light azure,#74BBFB,116,187,251,208,94,72
Very light blue,#6666FF,102,102,255,240,100,70
Very light malachite green,#64E986,100,233,134,135,75,65
Very light tangelo,#FFB077,255,176,119,25,100,73
Very pale orange,#FFDFBF,255,223,191,30,100,88
Very pale yellow,#FFFFBF,255,255,191,60,100,88
Violet,#8F00FF,143,0,255,274,100,50
Violet (color wheel),#7F00FF,127,0,255,270,100,50
Violet (RYB),#8601AF,134,1,175,286,99,35
Violet (web),#EE82EE,238,130,238,300,76,72
Violet-blue,#324AB2,50,74,178,229,56,45
Violet-red,#F75394,247,83,148,336,91,65
Viridian,#40826D,64,130,109,161,34,38
Viridian green,#009698,0,150,152,181,100,30
Vista blue,#7C9ED9,124,158,217,218,55,67
Vivid amber,#CC9900,204,153,0,45,100,40
Vivid auburn,#922724,146,39,36,2,60,36
Vivid burgundy,#9F1D35,159,29,53,349,69,37
Vivid cerise,#DA1D81,218,29,129,328,77,48
Vivid cerulean,#00AAEE,0,170,238,197,100,47
Vivid crimson,#CC0033,204,0,51,345,100,40
Vivid gamboge,#FF9900,255,153,0,36,100,50
Vivid lime green,#A6D608,166,214,8,74,93,44
Vivid malachite,#00CC33,0,204,51,135,100,40
Vivid mulberry,#B80CE3,184,12,227,288,90,47
Vivid orange,#FF5F00,255,95,0,22,100,50
Vivid orange peel,#FFA000,255,160,0,18,100,50
Vivid orchid,#CC00FF,204,0,255,288,100,50
Vivid raspberry,#FF006C,255,0,108,335,100,50
Vivid red,#F70D1A,247,13,26,357,94,51
Vivid red-tangelo,#DF6124,223,97,36,20,75,51
Vivid sky blue,#00CCFF,0,204,255,192,100,50
Vivid tangelo,#F07427,240,116,39,23,87,55
Vivid tangerine,#FFA089,255,160,137,12,100,77
Vivid vermilion,#E56024,229,96,36,19,79,52
Vivid violet,#9F00FF,159,0,255,277,100,50
Vivid yellow,#FFE302,255,227,2,53,100,50
Volt,#CEFF00,205,255,0,72,100,50
Wageningen Green,#34B233,52,178,51,120,56,45
Warm black,#004242,0,66,66,180,100,13
Waterspout,#A4F4F9,164,244,249,184,88,81
Weldon Blue,#7C98AB,124,152,171,204,22,58
Wenge,#645452,100,84,82,7,10,36
Wheat,#F5DEB3,245,222,179,39,77,83
White,#FFFFFF,255,255,255,0,0,100
White smoke,#F5F5F5,245,245,245,0,0,96
Wild blue yonder,#A2ADD0,162,173,208,226,33,73
Wild orchid,#D470A2,212,112,162,330,54,64
Wild Strawberry,#FF43A4,255,67,164,329,100,63
Wild watermelon,#FC6C85,252,108,133,350,96,71
Willpower orange,#FD5800,253,88,0,21,100,50
Windsor tan,#A75502,167,85,2,30,98,33
Wine,#722F37,114,47,55,353,42,32
Wine dregs,#673147,103,49,71,336,36,30
Winter Sky,#FF007C,255,0,124,331,100,50
Winter Wizard,#A0E6FF,160,230,255,196,100,81
Wintergreen Dream,#56887D,86,136,125,167,23,44
Wisteria,#C9A0DC,201,160,220,281,46,75
Wood brown,#C19A6B,193,154,107,33,41,59
Xanadu,#738678,115,134,120,136,8,49
Yale Blue,#0F4D92,15,77,146,212,81,32
Yankees blue,#1C2841,28,40,65,221,40,18
Yellow,#FFFF00,255,255,0,60,100,50
Yellow (Crayola),#FCE883,252,232,131,50,95,75
Yellow (Munsell),#EFCC00,239,204,0,51,100,47
Yellow (NCS),#FFD300,255,211,0,50,100,50
Yellow (Pantone),#FEDF00,254,223,0,53,100,50
Yellow (process),#FFEF00,255,239,0,56,100,50
Yellow (RYB),#FEFE33,254,254,51,60,99,60
Yellow-green,#9ACD32,154,205,50,80,61,50
Yellow Orange,#FFAE42,255,174,66,34,100,63
Yellow rose,#FFF000,255,240,0,56,100,50
Yellow Sunshine,#FFF700,255,247,0,58,100,50
Zaffre,#0014A8,0,20,168,233,100,33
Zinnwaldite brown,#2C1608,44,22,8,23,69,10
Zomp,#39A78E,57,167,142,166,49,44
